{
"creator": "Zomebuild version 1.0",
"cameraPos": { "x":0.00000, "y":0.00000, "z":20.00000 },
"cameraTarget": { "x":0.00000, "y":0.00000, "z":0.00000 },
"cameraUp": { "x":0.00000, "y":1.00000, "z":0.00000 },
"balls": [
{"id":0, "x0":0, "x1":0, "y0":0, "y1":0, "z0":0, "z1":0}
],
"struts": [

]
}